rowname,Estimate,Std. Error,Adjusted SE,z value,Pr(>|z|)
,Full,Full,Full,Full,Full
(Intercept),0.862068988859181,0.18040519173895,0.188199230425048,4.58061909664667,4.6e-06
annualAI,-0.169780265815135,0.178825783065402,0.186071912776682,0.912444351657202,0.3615349
daysNegNoSnow,-0.0147764678603992,0.0015215176141865,0.0016840415209514,8.77440827708999,0
PC1_HCN,-0.064323781080368,0.00844194528064658,0.00920608489422535,6.98709406000764,0
