term,estimate,std.error,statistic,p.value
(Intercept),0.6176926075361316,0.055069386061316686,11.21662418477601,1.2709188457094325e-12
std_distance,1.2999014916684717,0.310119713639915,4.191611930797177,2.038327164212681e-4
std_distance_squared,-1.0488336191930314,0.30836112212585925,-3.4013160023621407,0.0018164347731415755
